epoch,time,train/box_loss,train/cls_loss,train/dfl_loss,metrics/precision(B),metrics/recall(B),metrics/mAP50(B),metrics/mAP50-95(B),val/box_loss,val/cls_loss,val/dfl_loss,lr/pg0,lr/pg1,lr/pg2
1,5.88094,2.10873,3.93441,2.24708,0.01232,1,0.30173,0.13436,1.56159,4.32336,1.96673,7.777e-05,7.777e-05,7.777e-05
2,10.4849,1.63264,3.65424,1.83979,0.02344,1,0.34148,0.24894,0.72065,3.88504,1.25847,0.00016555,0.00016555,0.00016555
3,15.1297,1.31687,3.00621,1.56758,0.01035,1,0.48658,0.32219,0.91314,3.78236,1.26603,0.000252157,0.000252157,0.000252157
4,19.4747,1.32454,2.57623,1.58252,0.00481,1,0.47077,0.27592,1.28009,3.66329,1.62401,0.000337591,0.000337591,0.000337591
5,23.6653,1.2935,2.43567,1.53087,0.53639,0.11667,0.30849,0.11533,1.85826,3.88614,2.23801,0.000421851,0.000421851,0.000421851
6,27.8178,1.31862,2.19634,1.5628,0.98936,0.16,0.67743,0.42478,1.16599,3.29746,1.53135,0.000504938,0.000504938,0.000504938
7,31.9993,1.33154,2.1896,1.56298,0.85003,0.21828,0.5262,0.27976,1.49007,3.47846,1.90774,0.000586852,0.000586852,0.000586852
8,36.0542,1.33209,2.09472,1.50863,0.72366,0.34667,0.7109,0.44644,1.08704,2.89313,1.49701,0.000667593,0.000667593,0.000667593
9,40.2457,1.30171,1.91813,1.51668,0.83278,0.42818,0.69856,0.472,1.08545,2.79802,1.46108,0.000747161,0.000747161,0.000747161
10,44.7034,1.22298,1.85785,1.45409,0.66072,0.59583,0.68455,0.40874,1.35132,2.70264,1.62742,0.000825555,0.000825555,0.000825555
11,48.9638,1.26459,1.82055,1.49335,0.65317,0.6542,0.65728,0.31907,1.84004,2.74272,2.15876,0.000902776,0.000902776,0.000902776
12,53.0791,1.27336,1.80946,1.49907,0.39651,0.30331,0.31756,0.08956,2.97964,3.93125,3.95817,0.000978824,0.000978824,0.000978824
13,57.1511,1.30124,1.73785,1.51629,0.68904,0.6408,0.7187,0.46816,1.33167,2.26986,1.604,0.00102301,0.00102301,0.00102301
14,61.3575,1.23754,1.71487,1.46669,0.66149,0.61709,0.67648,0.44705,1.34997,2.34459,1.63189,0.00101568,0.00101568,0.00101568
15,65.6018,1.22041,1.65935,1.46948,0.65348,0.72501,0.75714,0.44377,1.18979,2.57153,1.4967,0.00100834,0.00100834,0.00100834
16,69.739,1.1738,1.52702,1.41759,0.76984,0.47293,0.72907,0.51637,1.06468,2.24813,1.43456,0.00100101,0.00100101,0.00100101
17,73.9739,1.23592,1.49095,1.46989,0.52747,0.69532,0.7142,0.46493,1.1925,2.13653,1.5441,0.000993678,0.000993678,0.000993678
18,78.1142,1.17206,1.44999,1.36886,0.5779,0.63718,0.6829,0.30121,1.83037,2.7203,2.05664,0.000986346,0.000986346,0.000986346
19,82.2409,1.18793,1.46119,1.42333,0.72462,0.82398,0.74384,0.55197,1.12058,1.82649,1.61853,0.000979013,0.000979013,0.000979013
20,86.3752,1.18471,1.45771,1.42669,0.75853,0.63469,0.84983,0.61626,1.06959,1.83349,1.56779,0.000971681,0.000971681,0.000971681
21,90.5935,1.15329,1.48973,1.41185,0.72995,0.70779,0.7551,0.41142,1.44269,2.18432,1.72129,0.000964348,0.000964348,0.000964348
22,94.6769,1.17981,1.42644,1.39644,0.79098,0.75253,0.83831,0.52702,1.27778,1.58565,1.60473,0.000957015,0.000957015,0.000957015
23,98.7176,1.1897,1.29284,1.41759,0.81672,0.53728,0.67127,0.39011,1.49449,1.97497,1.67841,0.000949683,0.000949683,0.000949683
24,102.77,1.14311,1.3292,1.38056,0.85098,0.69283,0.8319,0.61909,0.98226,1.34199,1.32517,0.00094235,0.00094235,0.00094235
25,106.997,1.10541,1.19503,1.3367,0.68805,0.90331,0.80761,0.58625,1.12346,1.458,1.39088,0.000935018,0.000935018,0.000935018
26,110.955,1.16696,1.30166,1.44825,0.84832,0.81445,0.76102,0.52839,1.2568,1.45646,1.56426,0.000927685,0.000927685,0.000927685
27,115.065,1.16796,1.24252,1.39179,0.8404,0.71157,0.82316,0.53325,1.21538,1.66006,1.51469,0.000920352,0.000920352,0.000920352
28,119.166,1.15662,1.21517,1.35962,0.66142,0.65923,0.79266,0.61168,0.95125,1.64018,1.39177,0.00091302,0.00091302,0.00091302
29,123.211,1.06913,1.1297,1.32442,0.7995,0.63133,0.80615,0.59996,1.00022,1.61963,1.3651,0.000905687,0.000905687,0.000905687
30,127.27,1.06561,1.14944,1.34075,0.56094,0.80774,0.84315,0.60036,1.08394,1.73027,1.45593,0.000898355,0.000898355,0.000898355
31,131.29,1.04645,1.087,1.32002,0.67539,0.82443,0.83347,0.59124,1.20858,1.66732,1.58221,0.000891022,0.000891022,0.000891022
32,135.442,1.08291,1.04035,1.30872,0.74455,0.86389,0.86578,0.62837,1.16412,1.40586,1.4274,0.000883689,0.000883689,0.000883689
33,139.603,1.11418,1.05098,1.35063,0.68378,0.7837,0.82599,0.59679,1.10232,1.74091,1.42371,0.000876357,0.000876357,0.000876357
34,143.654,1.07439,1.08859,1.33082,0.83825,0.82051,0.90906,0.65197,1.11206,1.18281,1.46718,0.000869024,0.000869024,0.000869024
35,147.889,1.06205,1.00257,1.30731,0.67109,0.84746,0.88063,0.66136,0.92487,1.3766,1.32308,0.000861692,0.000861692,0.000861692
36,152.201,1.11472,0.99484,1.368,0.8237,0.92401,0.9451,0.70862,1.02668,1.10336,1.38121,0.000854359,0.000854359,0.000854359
37,156.481,1.05485,1.01736,1.3232,0.78859,0.8071,0.85575,0.63249,0.97223,1.17352,1.35179,0.000847026,0.000847026,0.000847026
38,160.63,1.08081,1.01208,1.32207,0.87517,0.66247,0.88662,0.65564,1.03826,1.32022,1.38633,0.000839694,0.000839694,0.000839694
39,164.818,1.02996,0.96972,1.30793,0.87857,0.71782,0.87493,0.66083,0.98802,1.25704,1.36462,0.000832361,0.000832361,0.000832361
40,169.244,1.02405,0.97186,1.29016,0.91646,0.81606,0.93307,0.70845,0.95931,0.96655,1.39139,0.000825029,0.000825029,0.000825029
41,173.513,0.95963,0.91957,1.29062,0.69828,0.79579,0.91467,0.74323,0.86239,1.34451,1.24401,0.000817696,0.000817696,0.000817696
42,177.728,0.9556,0.92087,1.22633,0.87181,0.91734,0.9625,0.77327,0.82674,0.79668,1.23301,0.000810363,0.000810363,0.000810363
43,181.992,0.97819,0.89815,1.27543,0.78463,0.73399,0.81509,0.60801,0.97237,1.47026,1.3092,0.000803031,0.000803031,0.000803031
44,186.107,1.05082,0.93717,1.31018,0.74454,0.82141,0.91794,0.68967,0.93495,1.12687,1.2924,0.000795698,0.000795698,0.000795698
45,190.259,0.96847,0.8286,1.26442,0.65782,0.91893,0.84595,0.60936,1.09173,1.08468,1.3476,0.000788366,0.000788366,0.000788366
46,194.453,0.94367,0.82198,1.22636,0.80481,0.71237,0.81521,0.58006,1.09334,1.28354,1.35643,0.000781033,0.000781033,0.000781033
47,198.825,0.96927,0.83522,1.26014,0.74877,0.66285,0.7176,0.39663,1.84364,1.46107,1.94897,0.0007737,0.0007737,0.0007737
48,203.137,1.022,0.83471,1.27397,0.69085,0.88151,0.952,0.74336,0.92671,0.95025,1.33126,0.000766368,0.000766368,0.000766368
49,207.203,0.93181,0.79403,1.24567,0.83241,0.80962,0.92635,0.68939,0.99972,1.10311,1.32953,0.000759035,0.000759035,0.000759035
50,211.405,0.93838,0.79092,1.23186,0.79462,0.79913,0.92053,0.71598,0.93846,1.09254,1.3507,0.000751703,0.000751703,0.000751703
51,215.581,0.92759,0.82027,1.20844,0.88192,0.69562,0.93024,0.74378,0.87433,1.07376,1.2577,0.00074437,0.00074437,0.00074437
52,219.827,0.96977,0.84518,1.27435,0.65828,0.83406,0.9179,0.75884,0.78522,1.11916,1.24074,0.000737037,0.000737037,0.000737037
53,223.952,0.86965,0.79084,1.2005,0.73238,0.83371,0.9256,0.68239,1.11206,1.15525,1.37558,0.000729705,0.000729705,0.000729705
54,228.308,0.92125,0.79812,1.23077,0.80886,0.93076,0.95676,0.76134,0.85208,0.78074,1.24233,0.000722372,0.000722372,0.000722372
55,232.501,0.8901,0.75474,1.20398,0.83583,0.8133,0.92667,0.75143,0.78931,0.94009,1.2233,0.00071504,0.00071504,0.00071504
56,236.685,0.90717,0.77887,1.22826,0.93817,0.88184,0.95,0.72762,0.88974,0.86915,1.29916,0.000707707,0.000707707,0.000707707
57,240.735,0.87033,0.75712,1.19798,0.91172,0.77106,0.94152,0.77156,0.75869,0.83301,1.23222,0.000700374,0.000700374,0.000700374
58,244.787,0.81186,0.68668,1.16714,0.71917,0.94892,0.92532,0.74334,0.7811,0.85848,1.22286,0.000693042,0.000693042,0.000693042
59,248.83,0.84647,0.71118,1.18711,0.87751,0.84435,0.94524,0.78141,0.74551,0.66785,1.20302,0.000685709,0.000685709,0.000685709
60,252.991,0.86332,0.70875,1.20024,0.93919,0.87211,0.9669,0.7661,0.88448,0.66453,1.28606,0.000678377,0.000678377,0.000678377
61,257.118,0.84407,0.70387,1.15676,0.93067,0.85769,0.9469,0.76947,0.83877,0.76396,1.25637,0.000671044,0.000671044,0.000671044
62,261.412,0.85786,0.68037,1.18703,0.93575,0.81484,0.94722,0.72974,0.91645,0.81694,1.29959,0.000663711,0.000663711,0.000663711
63,265.531,0.89839,0.7489,1.20227,0.88541,0.86805,0.90796,0.69572,0.94911,0.86527,1.34625,0.000656379,0.000656379,0.000656379
64,269.636,0.84929,0.70003,1.14922,0.94058,0.90907,0.95652,0.76487,0.83629,0.67898,1.24975,0.000649046,0.000649046,0.000649046
65,273.69,0.87566,0.73337,1.18683,0.80544,0.87529,0.91453,0.73217,0.91082,0.7663,1.29823,0.000641714,0.000641714,0.000641714
66,277.752,0.88656,0.74788,1.20332,0.79371,0.84538,0.89186,0.7344,0.75411,0.83136,1.16969,0.000634381,0.000634381,0.000634381
67,281.949,0.8816,0.70851,1.17637,0.75871,0.9478,0.92264,0.76513,0.81624,0.76611,1.21709,0.000627048,0.000627048,0.000627048
68,286.218,0.83483,0.70249,1.20818,0.73036,0.86183,0.88844,0.77456,0.6774,0.76376,1.13351,0.000619716,0.000619716,0.000619716
69,290.471,0.86335,0.67373,1.20878,0.80414,0.78436,0.89232,0.73724,0.71753,0.9109,1.15369,0.000612383,0.000612383,0.000612383
70,294.6,0.8369,0.67762,1.15533,0.65481,0.87667,0.8975,0.73779,0.83245,0.94639,1.29207,0.000605051,0.000605051,0.000605051
71,298.658,0.83757,0.64231,1.17579,0.77688,0.83622,0.91167,0.72911,0.83656,0.87312,1.25232,0.000597718,0.000597718,0.000597718
72,302.773,0.83912,0.64471,1.14583,0.68491,0.84619,0.90267,0.68333,0.94453,1.13879,1.34165,0.000590385,0.000590385,0.000590385
73,306.947,0.85456,0.65545,1.18337,0.91898,0.86674,0.93461,0.71417,0.85042,0.86497,1.27834,0.000583053,0.000583053,0.000583053
74,311.017,0.81237,0.68217,1.16455,0.86531,0.79669,0.93214,0.75502,0.76699,0.86262,1.19409,0.00057572,0.00057572,0.00057572
75,315.171,0.76832,0.63809,1.12332,0.83751,0.82,0.92612,0.74608,0.86806,0.8325,1.25564,0.000568388,0.000568388,0.000568388
76,319.45,0.81746,0.63966,1.16117,0.81257,0.90489,0.95083,0.80732,0.72524,0.77025,1.16427,0.000561055,0.000561055,0.000561055
77,323.774,0.7979,0.70161,1.169,0.90028,0.88069,0.95517,0.76918,0.80496,0.72448,1.25493,0.000553722,0.000553722,0.000553722
78,327.885,0.80461,0.67982,1.15924,0.96015,0.92305,0.975,0.79202,0.8152,0.67518,1.22015,0.00054639,0.00054639,0.00054639
79,331.992,0.78228,0.64103,1.13566,0.87485,0.88981,0.98833,0.82079,0.75839,0.7137,1.18403,0.000539057,0.000539057,0.000539057
80,336.233,0.75431,0.61341,1.10068,0.86488,0.91034,0.98357,0.81074,0.74035,0.66201,1.2092,0.000531725,0.000531725,0.000531725
81,340.29,0.81504,0.61885,1.16634,0.92937,0.81596,0.96833,0.79412,0.79036,0.63707,1.19098,0.000524392,0.000524392,0.000524392
82,344.401,0.77014,0.6482,1.12301,0.8911,0.94565,0.975,0.8064,0.75246,0.53223,1.17628,0.000517059,0.000517059,0.000517059
83,348.562,0.78247,0.65272,1.15193,0.93444,0.8911,0.98833,0.83637,0.71595,0.52006,1.15995,0.000509727,0.000509727,0.000509727
84,352.829,0.71306,0.60659,1.11034,0.93373,0.895,0.97357,0.78923,0.82124,0.60176,1.26819,0.000502394,0.000502394,0.000502394
85,356.944,0.72561,0.56936,1.13333,0.85842,0.81237,0.89232,0.74926,0.75913,0.73967,1.19482,0.000495062,0.000495062,0.000495062
86,361.103,0.75104,0.58969,1.11429,0.95021,0.78559,0.93217,0.77775,0.79405,0.66428,1.20806,0.000487729,0.000487729,0.000487729
87,365.109,0.78262,0.60956,1.14445,0.86937,0.94085,0.97,0.77487,0.83481,0.59887,1.23087,0.000480396,0.000480396,0.000480396
88,369.252,0.73672,0.60029,1.12981,0.91203,0.97962,0.98167,0.79327,0.80955,0.57283,1.20983,0.000473064,0.000473064,0.000473064
89,373.362,0.70398,0.55245,1.10686,0.89402,0.9553,0.96833,0.77418,0.83251,0.58608,1.22562,0.000465731,0.000465731,0.000465731
90,377.472,0.77792,0.62462,1.15216,0.8965,0.8455,0.96056,0.77521,0.79395,0.60431,1.24879,0.000458399,0.000458399,0.000458399
91,381.646,0.7717,0.61837,1.12042,0.87322,0.82534,0.94524,0.77163,0.77792,0.67353,1.20244,0.000451066,0.000451066,0.000451066
92,385.803,0.71935,0.58393,1.10462,0.92864,0.83105,0.96214,0.79924,0.73881,0.68248,1.16865,0.000443733,0.000443733,0.000443733
93,389.84,0.73542,0.59332,1.11701,0.82733,0.94001,0.92583,0.72247,0.83996,0.66509,1.24715,0.000436401,0.000436401,0.000436401
94,393.844,0.6955,0.54961,1.10249,0.85188,0.8343,0.92595,0.7441,0.85112,0.69187,1.24579,0.000429068,0.000429068,0.000429068
95,397.965,0.69564,0.5463,1.09822,0.77522,0.89455,0.92509,0.73015,0.83294,0.68889,1.23975,0.000421736,0.000421736,0.000421736
96,402.073,0.70343,0.54043,1.10553,0.83638,0.82909,0.92985,0.77771,0.72084,0.6242,1.16618,0.000414403,0.000414403,0.000414403
97,406.199,0.73211,0.53992,1.11137,0.97049,0.8283,0.95389,0.79905,0.73029,0.54323,1.17974,0.00040707,0.00040707,0.00040707
98,410.452,0.67588,0.54333,1.11207,0.85337,0.93991,0.96929,0.82229,0.67186,0.67225,1.13842,0.000399738,0.000399738,0.000399738
99,414.562,0.66765,0.51426,1.07404,0.81747,0.91806,0.95167,0.80987,0.67144,0.63918,1.16752,0.000392405,0.000392405,0.000392405
100,418.716,0.69341,0.52613,1.11328,0.82,0.9301,0.95714,0.78825,0.68202,0.56361,1.1664,0.000385073,0.000385073,0.000385073
101,422.827,0.65139,0.49727,1.08623,0.81987,0.89499,0.93333,0.75988,0.82739,0.65244,1.24788,0.00037774,0.00037774,0.00037774
102,426.989,0.6599,0.54443,1.06483,0.83233,0.91335,0.92,0.75044,0.81005,0.67148,1.24324,0.000370407,0.000370407,0.000370407
103,431.09,0.63677,0.48246,1.05864,0.95053,0.79009,0.94757,0.78998,0.72039,0.62249,1.17544,0.000363075,0.000363075,0.000363075
104,435.26,0.65375,0.51358,1.06726,0.84643,0.87134,0.95167,0.79637,0.79374,0.75094,1.22713,0.000355742,0.000355742,0.000355742
105,439.419,0.69861,0.5168,1.10237,0.87534,0.84555,0.94214,0.77576,0.73115,0.74598,1.22142,0.00034841,0.00034841,0.00034841
106,443.711,0.70184,0.50359,1.08613,0.97987,0.78823,0.96857,0.77712,0.88822,0.73259,1.31012,0.000341077,0.000341077,0.000341077
107,447.921,0.71239,0.5528,1.10695,0.86732,0.8838,0.96857,0.77483,0.87444,0.71055,1.32961,0.000333744,0.000333744,0.000333744
108,451.998,0.71721,0.54972,1.10465,0.89267,0.87823,0.9669,0.77996,0.77476,0.65189,1.24897,0.000326412,0.000326412,0.000326412
109,456.167,0.62563,0.50319,1.05936,0.84717,0.95564,0.965,0.78617,0.80033,0.54039,1.21804,0.000319079,0.000319079,0.000319079
110,460.295,0.63343,0.49396,1.05838,0.92205,0.87875,0.945,0.77855,0.72665,0.50358,1.18999,0.000311747,0.000311747,0.000311747
111,464.429,0.68038,0.48387,1.0724,0.84064,0.92984,0.93667,0.77903,0.69734,0.57981,1.16946,0.000304414,0.000304414,0.000304414
112,468.701,0.6722,0.49367,1.07806,0.85462,0.8173,0.88961,0.72228,0.7388,0.70821,1.17766,0.000297081,0.000297081,0.000297081
113,472.88,0.65332,0.51464,1.07575,0.80318,0.83262,0.89222,0.74093,0.73574,0.74646,1.18522,0.000289749,0.000289749,0.000289749
114,477.138,0.65029,0.49056,1.07069,0.82507,0.81964,0.86835,0.72912,0.71698,0.7429,1.17676,0.000282416,0.000282416,0.000282416
115,481.317,0.6227,0.4873,1.07539,0.88313,0.81131,0.90517,0.74473,0.76222,0.75498,1.22809,0.000275084,0.000275084,0.000275084
116,485.505,0.64964,0.47496,1.06567,0.8427,0.93576,0.95071,0.76482,0.8298,0.66993,1.28289,0.000267751,0.000267751,0.000267751
117,489.833,0.6168,0.47247,1.05402,0.96789,0.83569,0.97214,0.80617,0.78725,0.56679,1.2114,0.000260418,0.000260418,0.000260418
118,494.028,0.60268,0.4645,1.03454,0.8901,0.7197,0.92395,0.76725,0.70043,0.71657,1.1562,0.000253086,0.000253086,0.000253086
119,498.188,0.6306,0.49141,1.06597,0.90255,0.76316,0.93907,0.78494,0.68838,0.63498,1.15355,0.000245753,0.000245753,0.000245753
120,502.438,0.63132,0.50296,1.06814,0.89182,0.79334,0.91933,0.77305,0.71995,0.64301,1.17766,0.000238421,0.000238421,0.000238421
121,506.597,0.60695,0.48264,1.03962,0.82918,0.89606,0.89722,0.73597,0.74491,0.64882,1.20665,0.000231088,0.000231088,0.000231088
122,510.729,0.60084,0.44778,1.04335,0.89939,0.88797,0.92119,0.76603,0.74409,0.57713,1.22161,0.000223755,0.000223755,0.000223755
123,514.883,0.60098,0.45907,1.05158,0.87232,0.94082,0.95667,0.78442,0.73236,0.53064,1.21008,0.000216423,0.000216423,0.000216423
124,519.131,0.59599,0.44755,1.03993,0.92934,0.88912,0.95833,0.79575,0.70151,0.56336,1.18498,0.00020909,0.00020909,0.00020909
125,523.228,0.57985,0.45906,1.0273,0.82818,0.88234,0.945,0.79582,0.69168,0.58774,1.17781,0.000201758,0.000201758,0.000201758
126,527.42,0.60418,0.46886,1.04253,0.865,0.90256,0.93389,0.77823,0.67555,0.55819,1.16026,0.000194425,0.000194425,0.000194425
127,531.767,0.54812,0.41854,1.02248,0.93465,0.92557,0.95833,0.81994,0.69626,0.50874,1.17264,0.000187092,0.000187092,0.000187092
128,536.078,0.58869,0.46962,1.07859,0.92327,0.8635,0.9469,0.80197,0.68856,0.50334,1.17593,0.00017976,0.00017976,0.00017976
129,540.171,0.60601,0.45388,1.05514,0.91141,0.86684,0.94056,0.80019,0.68027,0.52386,1.16747,0.000172427,0.000172427,0.000172427
130,544.327,0.58027,0.47509,1.04177,0.91956,0.87064,0.94333,0.80107,0.69807,0.52806,1.17059,0.000165095,0.000165095,0.000165095
131,548.405,0.5517,0.42888,1.01783,0.92469,0.86922,0.96024,0.82654,0.6854,0.52853,1.15092,0.000157762,0.000157762,0.000157762
132,552.534,0.58144,0.43704,1.03395,0.94184,0.89931,0.9769,0.80008,0.70103,0.55494,1.17906,0.000150429,0.000150429,0.000150429
133,556.743,0.55369,0.41473,1.00896,0.92992,0.91548,0.97722,0.79949,0.77045,0.56711,1.22861,0.000143097,0.000143097,0.000143097
134,560.944,0.55884,0.43048,1.01028,0.84843,0.94822,0.95833,0.80345,0.69716,0.56774,1.19043,0.000135764,0.000135764,0.000135764
135,565.341,0.5543,0.42323,1.01245,0.84028,0.94308,0.95833,0.79521,0.69178,0.5741,1.18275,0.000128432,0.000128432,0.000128432
136,569.523,0.54938,0.44234,1.01558,0.94715,0.83095,0.95667,0.80856,0.69039,0.58431,1.17844,0.000121099,0.000121099,0.000121099
137,573.661,0.55029,0.43916,1.04542,0.93968,0.82909,0.95667,0.80494,0.68861,0.60843,1.18202,0.000113766,0.000113766,0.000113766
138,577.692,0.52671,0.40936,1.00057,0.94442,0.83083,0.95667,0.81536,0.68807,0.59383,1.18568,0.000106434,0.000106434,0.000106434
139,581.762,0.52207,0.41211,0.99831,0.85748,0.94009,0.96056,0.81144,0.7083,0.60039,1.18914,9.91012e-05,9.91012e-05,9.91012e-05
140,585.857,0.55482,0.43089,1.03627,0.85228,0.94759,0.96056,0.80385,0.69605,0.58243,1.17434,9.17686e-05,9.17686e-05,9.17686e-05
141,590.11,0.45413,0.34797,0.98502,0.90013,0.88367,0.95389,0.80088,0.69233,0.57794,1.16145,8.4436e-05,8.4436e-05,8.4436e-05
142,594.175,0.42586,0.32778,0.96906,0.92821,0.86357,0.94722,0.78708,0.69529,0.61053,1.16597,7.71034e-05,7.71034e-05,7.71034e-05
143,598.243,0.41694,0.33521,0.96885,0.94398,0.84655,0.94722,0.78867,0.69778,0.61273,1.17734,6.97708e-05,6.97708e-05,6.97708e-05
144,602.306,0.40495,0.30976,0.93535,0.94731,0.83986,0.94722,0.79113,0.70818,0.59242,1.19379,6.24382e-05,6.24382e-05,6.24382e-05
145,606.274,0.43211,0.32546,0.98591,0.83593,0.93722,0.94722,0.78812,0.68694,0.56713,1.17481,5.51056e-05,5.51056e-05,5.51056e-05
146,610.238,0.4108,0.31235,0.95666,0.84911,0.95076,0.94722,0.79874,0.67056,0.56538,1.16248,4.7773e-05,4.7773e-05,4.7773e-05
147,614.115,0.40199,0.30679,0.95093,0.8569,0.9417,0.95167,0.80787,0.66809,0.5513,1.16403,4.04404e-05,4.04404e-05,4.04404e-05
148,618.037,0.41374,0.31697,0.97057,0.85611,0.94849,0.95389,0.80086,0.67662,0.5383,1.17308,3.31078e-05,3.31078e-05,3.31078e-05
149,622.093,0.37452,0.29891,0.94143,0.86508,0.94219,0.95389,0.80086,0.68638,0.53198,1.18295,2.57752e-05,2.57752e-05,2.57752e-05
150,626.072,0.39344,0.2935,0.95824,0.87193,0.93668,0.95389,0.80519,0.69826,0.53265,1.19564,1.84426e-05,1.84426e-05,1.84426e-05
